md_ft,inclination_deg,azimuth_deg,tvd_ft,tvd_ss_ft,dx_east_ft,dy_north_ft,dls_deg_100ft
0.0,0.0,0.0,0.0,-128.0,0.0,0.0,0.0
100.0,0.0,0.0,100.0,-28.0,0.0,0.0,0.0
200.0,0.0,0.0,200.0,72.0,0.0,0.0,0.0
300.0,0.0,0.0,300.0,172.0,0.0,0.0,0.0
400.0,0.0,0.0,400.0,272.0,0.0,0.0,0.0
500.0,0.0,0.0,500.0,372.0,0.0,0.0,0.0
600.0,0.0,0.0,600.0,472.0,0.0,0.0,0.0
700.0,0.0,0.0,700.0,572.0,0.0,0.0,0.0
800.0,0.0,0.0,800.0,672.0,0.0,0.0,0.0
900.0,0.0,0.0,900.0,772.0,0.0,0.0,0.0
1000.0,0.0,0.0,1000.0,872.0,0.0,0.0,0.0
1100.0,0.0,0.0,1100.0,972.0,0.0,0.0,0.0
1200.0,0.0,0.0,1200.0,1072.0,0.0,0.0,0.0
1300.0,0.0,0.0,1300.0,1172.0,0.0,0.0,0.0
1400.0,0.0,0.0,1400.0,1272.0,0.0,0.0,0.0
1500.0,0.0,0.0,1500.0,1372.0,0.0,0.0,0.0
1600.0,0.0,0.0,1600.0,1472.0,0.0,0.0,0.0
1700.0,0.0,0.0,1700.0,1572.0,0.0,0.0,0.0
1800.0,0.0,0.0,1800.0,1672.0,0.0,0.0,0.0
1900.0,0.0,0.0,1900.0,1772.0,0.0,0.0,0.0
2000.0,0.0,0.0,2000.0,1872.0,0.0,0.0,0.0
2100.0,0.0,0.0,2100.0,1972.0,0.0,0.0,0.0
2200.0,0.0,0.0,2200.0,2072.0,0.0,0.0,0.0
2300.0,0.0,0.0,2300.0,2172.0,0.0,0.0,0.0
2400.0,0.0,0.0,2400.0,2272.0,0.0,0.0,0.0
2500.0,0.0,0.0,2500.0,2372.0,0.0,0.0,0.0
2600.0,0.0,0.0,2600.0,2472.0,0.0,0.0,0.0
2700.0,0.0,0.0,2700.0,2572.0,0.0,0.0,0.0
2800.0,0.0,0.0,2800.0,2672.0,0.0,0.0,0.0
2900.0,0.0,0.0,2900.0,2772.0,0.0,0.0,0.0
3000.0,0.0,0.0,3000.0,2872.0,0.0,0.0,0.0
3100.0,0.0,0.0,3100.0,2972.0,0.0,0.0,0.0
3200.0,0.0,0.0,3200.0,3072.0,0.0,0.0,0.0
3300.0,0.0,0.0,3300.0,3172.0,0.0,0.0,0.0
3400.0,0.0,0.0,3400.0,3272.0,0.0,0.0,0.0
3500.0,0.0,0.0,3500.0,3372.0,0.0,0.0,0.0
3600.0,0.0,0.0,3600.0,3472.0,0.0,0.0,0.0
3700.0,0.0,0.0,3700.0,3572.0,0.0,0.0,0.0
3800.0,0.0,0.0,3800.0,3672.0,0.0,0.0,0.0
3900.0,0.0,0.0,3900.0,3772.0,0.0,0.0,0.0
4000.0,0.0,0.0,4000.0,3872.0,0.0,0.0,0.0
4100.0,0.0,0.0,4100.0,3972.0,0.0,0.0,0.0
4200.0,0.0,0.0,4200.0,4072.0,0.0,0.0,0.0
4300.0,0.0,0.0,4300.0,4172.0,0.0,0.0,0.0
4400.0,0.0,0.0,4400.0,4272.0,0.0,0.0,0.0
4500.0,0.0,0.0,4500.0,4372.0,0.0,0.0,0.0
4600.0,0.0,0.0,4600.0,4472.0,0.0,0.0,0.0
4700.0,0.0,0.0,4700.0,4572.0,0.0,0.0,0.0
4800.0,0.0,178.25,4800.0,4672.0,0.0,0.0,0.0
4900.0,1.65,178.79,4899.96,4771.96,0.06,-2.87,1.65
5000.0,3.29,178.83,4999.79,4871.79,0.18,-8.62,1.64
5100.0,4.94,178.48,5099.42,4971.42,0.41,-17.23,1.65
5200.0,6.59,177.81,5198.76,5070.76,0.84,-28.69,1.65
5300.0,8.24,178.48,5297.73,5169.73,1.23,-43.01,1.65
5400.0,9.88,177.43,5396.25,5268.25,2.0,-60.16,1.65
5500.0,11.53,177.82,5494.23,5366.23,2.75,-80.13,1.65
5600.0,13.18,177.72,5591.6,5463.6,3.66,-102.91,1.65
5700.0,14.82,177.71,5688.27,5560.27,4.69,-128.47,1.64
5800.0,16.47,177.52,5784.16,5656.16,5.91,-156.8,1.65
5900.0,18.12,178.91,5879.21,5751.21,6.5,-187.89,1.7
6000.0,19.76,178.05,5973.32,5845.32,7.66,-221.68,1.67
6100.0,21.41,179.0,6066.41,5938.41,8.29,-258.19,1.69
6200.0,23.06,178.39,6158.42,6030.42,9.39,-297.34,1.67
6300.0,24.71,176.9,6249.27,6121.27,11.66,-339.07,1.75
6400.0,26.35,179.03,6338.88,6210.88,12.41,-383.46,1.88
6500.0,28.0,178.37,6427.17,6299.17,13.74,-430.38,1.68
6600.0,29.65,178.73,6514.08,6386.08,14.84,-479.84,1.66
6700.0,31.29,177.76,6599.53,6471.53,16.87,-531.74,1.72
6800.0,32.94,178.81,6683.46,6555.46,17.99,-586.11,1.74
6900.0,34.59,177.6,6765.78,6637.78,20.37,-642.83,1.78
7000.0,36.24,179.03,6846.44,6718.44,21.37,-701.93,1.84
7100.0,37.88,177.18,6925.37,6797.37,24.39,-763.26,1.98
7200.0,39.53,178.88,7002.5,6874.5,25.64,-826.89,1.96
7300.0,41.18,177.33,7077.77,6949.77,28.7,-892.66,1.93
7400.0,42.82,177.98,7151.11,7023.11,31.09,-960.59,1.7
7500.0,44.47,178.7,7222.47,7094.47,32.68,-1030.63,1.72
7600.0,46.12,177.68,7291.79,7163.79,35.59,-1102.64,1.8
7700.0,47.76,177.61,7359.01,7231.01,38.68,-1176.62,1.65
7800.0,49.41,176.99,7424.07,7296.07,42.67,-1252.46,1.72
7900.0,51.06,178.85,7486.92,7358.92,44.23,-1330.22,2.18
8000.0,52.71,177.09,7547.51,7419.51,48.27,-1409.67,2.15
8100.0,54.35,178.43,7605.79,7477.79,50.49,-1490.9,1.97
8200.0,56.0,177.45,7661.71,7533.71,54.18,-1573.72,1.84
8300.0,57.65,178.39,7715.22,7587.22,56.55,-1658.17,1.83
8400.0,59.29,177.85,7766.29,7638.29,59.78,-1744.09,1.71
8500.0,60.94,178.38,7814.86,7686.86,62.25,-1831.46,1.71
8600.0,62.59,178.05,7860.9,7732.9,65.27,-1920.18,1.67
8700.0,64.24,177.09,7904.36,7776.36,69.84,-2010.13,1.85
8800.0,65.88,177.03,7945.23,7817.23,74.57,-2101.28,1.64
8900.0,67.53,177.13,7983.45,7855.45,79.2,-2193.57,1.65
9000.0,69.18,177.03,8019.0,7891.0,84.04,-2286.91,1.65
9100.0,70.82,177.62,8051.84,7923.84,87.96,-2381.28,1.73
9200.0,72.47,179.13,8081.96,7953.96,89.4,-2476.62,2.19
9300.0,74.12,178.47,8109.33,7981.33,91.98,-2572.77,1.77
9400.0,75.76,177.4,8133.92,8005.92,96.37,-2669.6,1.94
9500.0,77.41,177.86,8155.71,8027.71,100.02,-2767.13,1.71
9600.0,79.06,177.76,8174.69,8046.69,103.86,-2865.24,1.65
9700.0,80.71,178.38,8190.84,8062.84,106.65,-2963.88,1.76
9800.0,82.35,178.0,8204.15,8076.15,110.1,-3062.94,1.68
9900.0,84.0,177.29,8214.6,8086.6,114.8,-3162.28,1.79
10000.0,85.65,177.97,8222.19,8094.19,118.33,-3261.93,1.78
10100.0,87.29,176.85,8226.91,8098.91,123.82,-3361.66,1.99
10200.0,88.2,177.05,8230.06,8102.06,128.96,-3461.48,0.93
10300.0,88.2,177.78,8233.2,8105.2,132.84,-3561.36,0.73
10400.0,88.2,177.24,8236.34,8108.34,137.66,-3661.19,0.54
10500.0,88.2,177.14,8239.48,8111.48,142.64,-3761.02,0.1
10600.0,88.2,177.85,8242.62,8114.62,146.39,-3860.9,0.71
10700.0,88.2,178.74,8245.76,8117.76,148.58,-3960.82,0.89
10800.0,88.2,176.87,8248.9,8120.9,154.04,-4060.63,1.87
10900.0,88.2,179.04,8252.04,8124.04,155.71,-4160.56,2.17
11000.0,88.2,176.85,8255.18,8127.18,161.2,-4260.36,2.19
11100.0,88.2,177.02,8258.33,8130.33,166.39,-4360.18,0.17
11200.0,88.2,178.27,8261.47,8133.47,169.41,-4460.08,1.25
11300.0,88.2,178.71,8264.61,8136.61,171.65,-4560.01,0.44
11400.0,88.2,178.66,8267.75,8139.75,173.99,-4659.93,0.05
11500.0,88.2,178.63,8270.89,8142.89,176.39,-4759.85,0.03
11600.0,88.2,178.16,8274.03,8146.03,179.6,-4859.75,0.47
11700.0,88.2,178.34,8277.17,8149.17,182.49,-4959.66,0.18
11800.0,88.2,178.48,8280.31,8152.31,185.14,-5059.58,0.14
11900.0,88.2,176.92,8283.45,8155.45,190.5,-5159.38,1.56
12000.0,88.2,179.15,8286.6,8158.6,191.98,-5259.32,2.23
12100.0,88.2,179.0,8289.74,8161.74,193.73,-5359.26,0.15
12200.0,88.2,177.71,8292.88,8164.88,197.73,-5459.13,1.29
12300.0,88.2,178.02,8296.02,8168.02,201.18,-5559.02,0.31
12400.0,88.2,178.17,8299.16,8171.16,204.37,-5658.92,0.15
